rank,node_from,node_to,pressure_score,route_count,road_class,names
1,22057,22058,99.420052,920,trunk,"{'primary': 'নতুন বিমানবন্দর সড়ক', 'common': [['bn', 'নতুন বিমানবন্দর সড়ক'], ['en', 'New Airport Road']], 'rules': [{'variant': 'common', 'language': None, 'perspectives': None, 'value': 'নতুন বিমানবন্দর সড়ক', 'between': None, 'side': None}]}"
2,22058,22067,99.420052,920,trunk,"{'primary': 'নতুন বিমানবন্দর সড়ক', 'common': [['bn', 'নতুন বিমানবন্দর সড়ক'], ['en', 'New Airport Road']], 'rules': [{'variant': 'common', 'language': None, 'perspectives': None, 'value': 'নতুন বিমানবন্দর সড়ক', 'between': None, 'side': None}]}"
3,22067,24316,99.420052,920,trunk,"{'primary': 'নতুন বিমানবন্দর সড়ক', 'common': [['bn', 'নতুন বিমানবন্দর সড়ক'], ['en', 'New Airport Road']], 'rules': [{'variant': 'common', 'language': None, 'perspectives': None, 'value': 'নতুন বিমানবন্দর সড়ক', 'between': None, 'side': None}]}"
4,24298,24316,99.420052,920,trunk,"{'primary': 'নতুন বিমানবন্দর সড়ক', 'common': [['bn', 'নতুন বিমানবন্দর সড়ক'], ['en', 'New Airport Road']], 'rules': [{'variant': 'common', 'language': None, 'perspectives': None, 'value': 'নতুন বিমানবন্দর সড়ক', 'between': None, 'side': None}]}"
5,24181,24290,98.961679,909,trunk,"{'primary': 'নতুন বিমানবন্দর সড়ক', 'common': [['bn', 'নতুন বিমানবন্দর সড়ক'], ['en', 'New Airport Road']], 'rules': [{'variant': 'common', 'language': None, 'perspectives': None, 'value': 'নতুন বিমানবন্দর সড়ক', 'between': None, 'side': None}]}"
6,24290,24298,98.961679,909,trunk,"{'primary': 'নতুন বিমানবন্দর সড়ক', 'common': [['bn', 'নতুন বিমানবন্দর সড়ক'], ['en', 'New Airport Road']], 'rules': [{'variant': 'common', 'language': None, 'perspectives': None, 'value': 'নতুন বিমানবন্দর সড়ক', 'between': None, 'side': None}]}"
7,24053,24142,97.758071,886,trunk,"{'primary': 'নতুন বিমানবন্দর সড়ক', 'common': [['bn', 'নতুন বিমানবন্দর সড়ক'], ['en', 'New Airport Road']], 'rules': [{'variant': 'common', 'language': None, 'perspectives': None, 'value': 'নতুন বিমানবন্দর সড়ক', 'between': None, 'side': None}]}"
8,24142,24181,97.758071,886,trunk,"{'primary': 'নতুন বিমানবন্দর সড়ক', 'common': [['bn', 'নতুন বিমানবন্দর সড়ক'], ['en', 'New Airport Road']], 'rules': [{'variant': 'common', 'language': None, 'perspectives': None, 'value': 'নতুন বিমানবন্দর সড়ক', 'between': None, 'side': None}]}"
9,22053,22057,95.973,858,trunk,"{'primary': 'নতুন বিমানবন্দর সড়ক', 'common': [['bn', 'নতুন বিমানবন্দর সড়ক'], ['en', 'New Airport Road']], 'rules': [{'variant': 'common', 'language': None, 'perspectives': None, 'value': 'নতুন বিমানবন্দর সড়ক', 'between': None, 'side': None}]}"
10,22053,34866,95.973,858,trunk,"{'primary': 'নতুন বিমানবন্দর সড়ক', 'common': None, 'rules': [{'variant': 'common', 'language': 'en', 'perspectives': None, 'value': 'Airport Circle', 'between': [0.0, 0.069714401], 'side': None}, {'variant': 'common', 'language': None, 'perspectives': None, 'value': 'বিমানবন্দর গোলচক্কর', 'between': [0.0, 0.069714401], 'side': None}, {'variant': 'common', 'language': 'bn', 'perspectives': None, 'value': 'নতুন বিমানবন্দর সড়ক', 'between': [0.069714401, 1.0], 'side': None}, {'variant': 'common', 'language': 'en', 'perspectives': None, 'value': 'New Airport Road', 'between': [0.069714401, 1.0], 'side': None}, {'variant': 'common', 'language': None, 'perspectives': None, 'value': 'নতুন বিমানবন্দর সড়ক', 'between': [0.069714401, 1.0], 'side': None}]}"
11,34313,34356,86.864712,679,trunk,"{'primary': 'ঢাকা-ময়মনসিংহ মহাসড়ক', 'common': [['bn', 'ঢাকা-ময়মনসিংহ মহাসড়ক'], ['en', 'Dhaka-Mymensigh Highway']], 'rules': [{'variant': 'common', 'language': None, 'perspectives': None, 'value': 'ঢাকা-ময়মনসিংহ মহাসড়ক', 'between': None, 'side': None}]}"
12,34356,34640,86.864712,679,trunk,"{'primary': 'ঢাকা-ময়মনসিংহ মহাসড়ক', 'common': [['bn', 'ঢাকা-ময়মনসিংহ মহাসড়ক'], ['en', 'Dhaka-Mymensigh Highway']], 'rules': [{'variant': 'common', 'language': None, 'perspectives': None, 'value': 'ঢাকা-ময়মনসিংহ মহাসড়ক', 'between': None, 'side': None}]}"
13,34636,34640,86.864712,679,trunk,"{'primary': 'ঢাকা-ময়মনসিংহ মহাসড়ক', 'common': [['bn', 'ঢাকা-ময়মনসিংহ মহাসড়ক'], ['en', 'Dhaka-Mymensigh Highway']], 'rules': [{'variant': 'common', 'language': None, 'perspectives': None, 'value': 'ঢাকা-ময়মনসিংহ মহাসড়ক', 'between': None, 'side': None}]}"
14,34636,34686,86.864712,679,trunk,"{'primary': 'ঢাকা-ময়মনসিংহ মহাসড়ক', 'common': [['bn', 'ঢাকা-ময়মনসিংহ মহাসড়ক'], ['en', 'Dhaka-Mymensigh Highway']], 'rules': [{'variant': 'common', 'language': None, 'perspectives': None, 'value': 'ঢাকা-ময়মনসিংহ মহাসড়ক', 'between': None, 'side': None}]}"
15,34686,34690,86.864712,679,trunk,"{'primary': 'ঢাকা-ময়মনসিংহ মহাসড়ক', 'common': None, 'rules': [{'variant': 'common', 'language': 'bn', 'perspectives': None, 'value': 'ঢাকা-ময়মনসিংহ মহাসড়ক', 'between': [0.0, 0.532221265], 'side': None}, {'variant': 'common', 'language': 'en', 'perspectives': None, 'value': 'Dhaka-Mymensigh Highway', 'between': [0.0, 0.532221265], 'side': None}, {'variant': 'common', 'language': None, 'perspectives': None, 'value': 'ঢাকা-ময়মনসিংহ মহাসড়ক', 'between': [0.0, 0.532221265], 'side': None}, {'variant': 'common', 'language': 'bn', 'perspectives': None, 'value': 'ঢাকা ময়মনসিংহ মহাসড়ক', 'between': [0.532221265, 1.0], 'side': None}, {'variant': 'common', 'language': 'en', 'perspectives': None, 'value': 'Dhaka Mymensigh Highway', 'between': [0.532221265, 1.0], 'side': None}, {'variant': 'common', 'language': None, 'perspectives': None, 'value': 'ঢাকা ময়মনসিংহ মহাসড়ক', 'between': [0.532221265, 1.0], 'side': None}]}"
16,34690,34730,86.864712,679,trunk,"{'primary': 'ঢাকা ময়মনসিংহ মহাসড়ক', 'common': [['bn', 'ঢাকা ময়মনসিংহ মহাসড়ক'], ['en', 'Dhaka Mymensigh Highway']], 'rules': [{'variant': 'common', 'language': None, 'perspectives': None, 'value': 'ঢাকা ময়মনসিংহ মহাসড়ক', 'between': None, 'side': None}]}"
17,34725,34786,86.864712,679,trunk,"{'primary': 'ঢাকা ময়মনসিংহ মহাসড়ক', 'common': [['bn', 'ঢাকা ময়মনসিংহ মহাসড়ক'], ['en', 'Dhaka Mymensigh Highway']], 'rules': [{'variant': 'common', 'language': None, 'perspectives': None, 'value': 'ঢাকা ময়মনসিংহ মহাসড়ক', 'between': None, 'side': None}]}"
18,34725,34730,86.864712,679,trunk,"{'primary': 'ঢাকা ময়মনসিংহ মহাসড়ক', 'common': [['bn', 'ঢাকা ময়মনসিংহ মহাসড়ক'], ['en', 'Dhaka Mymensigh Highway']], 'rules': [{'variant': 'common', 'language': None, 'perspectives': None, 'value': 'ঢাকা ময়মনসিংহ মহাসড়ক', 'between': None, 'side': None}]}"
19,34785,34788,86.864712,679,trunk,"{'primary': 'ঢাকা ময়মনসিংহ মহাসড়ক', 'common': [['bn', 'ঢাকা ময়মনসিংহ মহাসড়ক'], ['en', 'Dhaka Mymensigh Highway']], 'rules': [{'variant': 'common', 'language': None, 'perspectives': None, 'value': 'ঢাকা ময়মনসিংহ মহাসড়ক', 'between': None, 'side': None}]}"
20,34785,34789,86.864712,679,trunk,"{'primary': 'ঢাকা ময়মনসিংহ মহাসড়ক', 'common': [['bn', 'ঢাকা ময়মনসিংহ মহাসড়ক'], ['en', 'Dhaka Mymensigh Highway']], 'rules': [{'variant': 'common', 'language': None, 'perspectives': None, 'value': 'ঢাকা ময়মনসিংহ মহাসড়ক', 'between': None, 'side': None}]}"
21,34786,34787,86.864712,679,trunk,"{'primary': 'ঢাকা ময়মনসিংহ মহাসড়ক', 'common': [['bn', 'ঢাকা ময়মনসিংহ মহাসড়ক'], ['en', 'Dhaka Mymensigh Highway']], 'rules': [{'variant': 'common', 'language': None, 'perspectives': None, 'value': 'ঢাকা ময়মনসিংহ মহাসড়ক', 'between': None, 'side': None}]}"
22,34787,34788,86.864712,679,trunk,"{'primary': 'ঢাকা ময়মনসিংহ মহাসড়ক', 'common': [['bn', 'ঢাকা ময়মনসিংহ মহাসড়ক'], ['en', 'Dhaka Mymensigh Highway']], 'rules': [{'variant': 'common', 'language': None, 'perspectives': None, 'value': 'ঢাকা ময়মনসিংহ মহাসড়ক', 'between': None, 'side': None}]}"
23,34789,34890,86.864712,679,trunk,"{'primary': 'ঢাকা ময়মনসিংহ মহাসড়ক', 'common': [['bn', 'ঢাকা ময়মনসিংহ মহাসড়ক'], ['en', 'Dhaka Mymensigh Highway']], 'rules': [{'variant': 'common', 'language': None, 'perspectives': None, 'value': 'ঢাকা ময়মনসিংহ মহাসড়ক', 'between': None, 'side': None}]}"
24,34866,34890,86.864712,679,trunk,"{'primary': 'ঢাকা ময়মনসিংহ মহাসড়ক', 'common': None, 'rules': [{'variant': 'common', 'language': 'bn', 'perspectives': None, 'value': 'ঢাকা ময়মনসিংহ মহাসড়ক', 'between': [0.0, 0.936050811], 'side': None}, {'variant': 'common', 'language': 'en', 'perspectives': None, 'value': 'Dhaka Mymensigh Highway', 'between': [0.0, 0.936050811], 'side': None}, {'variant': 'common', 'language': None, 'perspectives': None, 'value': 'ঢাকা ময়মনসিংহ মহাসড়ক', 'between': [0.0, 0.936050811], 'side': None}, {'variant': 'common', 'language': 'en', 'perspectives': None, 'value': 'Airport Circle', 'between': [0.936050811, 1.0], 'side': None}, {'variant': 'common', 'language': None, 'perspectives': None, 'value': 'বিমানবন্দর গোলচক্কর', 'between': [0.936050811, 1.0], 'side': None}]}"
25,33293,33294,79.219115,600,unclassified,"{'primary': 'Arichpur Masjid Road', 'common': None, 'rules': [{'variant': 'common', 'language': None, 'perspectives': None, 'value': 'Arichpur Masjid Road', 'between': None, 'side': None}]}"
